id;nom;email;telephone;siret;adresse_ligne_1;adresse_ligne_2;code_postal;ville
1;altruiste population du Québec chef de cuisine;Jason35@gmail.com;+33 559474109;équipe de recherche;ha;ding spécialiste sous couleur de;loufoque;immense si désigner
2;certes que exposer;Audouin29@yahoo.fr;+33 612956193;actionnaire gens plutôt;au-dedans de coin-coin concurrence;aigre;plouf snif lors;sitôt que peut-être
3;déclarer ménager hôte;Tim10@yahoo.fr;0365036565;dévoiler;que d'entre;absolument bè ailleurs;au moyen de de par;doucement juriste
4;parlementaire douter essuyer;Beatrice.Clement@yahoo.fr;0567522201;pour que jeune;à demi quasi;vraiment;âcre;plic autour
5;brave vroum;Lena18@yahoo.fr;+33 545197832;par;biathlète à seule fin de gestionnaire;adversaire;ha ha ouf biathlète;éclaircir délectable
6;chef de cuisine;Romain.Meyer18@gmail.com;0211415079;adepte après que;devant;ferme touriste;parmi du moment que;rose
7;gai;Mamert.Petit@hotmail.fr;+33 455697377;un peu;adepte;après;ainsi;quasi communauté étudiante antagoniste
8;cocorico au-dessous de;Aloyse32@hotmail.fr;+33 361229176;jamais inscrire de peur de;extra bang prestataire de services;sincère à défaut de incognito;au cas où bzzz électorat;comment
9;au point que autour de commis;Valentin_Guillaume@gmail.com;0476728412;à l'exception de magnifique considérable;paf fourrer à l'instar de;derrière franco;jadis;tellement tant
10;sitôt que hirsute consommer;Yolande.Schmitt58@yahoo.fr;0533511859;projeter;souvent;vroum;un peu;grâce à vaste
